,Density,PoreAvgVolume,henry_coeff
2245fN2.cif,0.701006,872.118,1.05329e-05
22000N2.cif,0.502401,6653.48,3.80799e-06
20490N2.cif,0.565759,5357.41,7.83947e-06
21451N2.cif,0.341797,9001.95,6.03704e-06
20491N2.cif,0.633766,4671.93,1.36158e-05
13181N3.cif,0.938079,496.601,9.0572e-05
14080N2.cif,0.363681,8371.41,5.31263e-06
15050N2.cif,1.04417,481.387,1.31478e-05
19102N2.cif,0.600086,3674.1,9.07391e-06
19430N2.cif,0.561339,5411.55,9.278e-06
20410N2.cif,0.501955,8202.02,1.79918e-05
22181N2.cif,0.563201,1787.86,9.1121e-06
20150N2.cif,0.570294,5278.86,1.21939e-05
17180N2.cif,0.615116,3340.6,7.97179e-06
22040N2.cif,0.463885,10771.2,6.46325e-06
19182N2.cif,0.360794,9512.85,6.89306e-06
21131N2.cif,0.623197,3204.1,4.71563e-06
14060N2.cif,0.566808,2709.24,8.67428e-06
22180N2.cif,0.533439,2141.37,6.09392e-06
19311N2.cif,0.555858,5818.87,9.40323e-06
2245tN2.cif,0.554708,9935.51,9.70908e-06
19481N2.cif,0.63388,5087.92,1.32257e-05
19101N2.cif,0.784279,2016.49,8.08006e-06
21200N2.cif,0.520441,7681.63,8.24396e-06
20631N2.cif,0.486739,12285.0,1.11716e-05
22105N2.cif,0.650801,1742.1,1.5492e-05
20050N2.cif,0.436575,11939.1,6.93192e-06
19120N2.cif,0.585376,3179.62,8.09201e-06
15061N2.cif,0.558747,5252.63,9.6547e-06
07011N3.cif,0.383123,17224.3,1.09185e-05
15140N2.cif,0.376743,6425.19,1.02082e-05
21181N2.cif,0.433991,4436.25,7.43971e-06
16120N2.cif,0.76133,1451.31,6.95186e-06
21700N2.cif,0.240293,31234.7,7.80468e-06
18112N2.cif,0.624446,5128.62,9.80336e-06
15180N2.cif,0.611442,5526.95,6.01013e-06
21340N2.cif,0.326735,9372.13,7.18631e-06
13180N3.cif,1.03682,361.268,0.000144521
20051N2.cif,0.462854,11795.1,6.78125e-06
16230N2.cif,0.844996,897.371,9.76971e-06
22532N2.cif,0.570138,8633.43,5.69555e-06
19353N2.cif,0.660811,3175.23,1.04918e-05
15171N2.cif,0.715945,1564.95,1.12626e-05
22230N2.cif,0.458169,12807.9,7.83586e-06
15210N2.cif,0.583729,3313.94,1.0579e-05
21830N2.cif,0.757142,5206.71,3.93391e-06
07012N3.cif,0.180984,78473.3,7.8792e-06
22480N2.cif,0.229357,35192.3,7.64526e-06
16121N2.cif,0.888622,4745.08,7.74579e-06
17191N2.cif,0.592438,1823.02,8.95957e-06
15010N2.cif,0.514815,3891.41,1.07066e-05
22002N2.cif,0.800222,8731.56,1.06718e-05
15100N2.cif,0.41487,8181.46,5.21945e-06
19520N2.cif,0.486953,6217.55,7.09888e-06
16350N2.cif,0.509863,5767.07,6.73624e-06
19110N2.cif,0.418042,6129.23,6.42934e-06
21711N2.cif,1.0986,987.811,2.86146e-06
21081N2.cif,0.572608,4179.55,6.6832e-06
13100N2.cif,0.48227,6722.96,9.05596e-06
13076N2.cif,0.973686,1393.77,3.41312e-06
2016bN2.cif,0.401406,6745.41,6.84526e-06
21820N2.cif,0.673666,2624.96,7.14108e-06
22552N2.cif,0.34914,9884.24,6.00702e-06
20540N2.cif,0.89044,1461.38,1.58355e-05
2245xN2.cif,1.27998,274.57,0.000164596
16132N3.cif,0.133373,30268.5,8.47026e-06
13072N2.cif,0.598194,3194.96,6.34434e-06
22457N2.cif,0.626065,7322.24,4.1118e-05
18083N2.cif,0.589894,6820.66,8.49254e-06
21421N2.cif,0.669549,3655.07,1.27389e-05
07000N2.cif,0.458062,5887.91,7.37954e-06
16450N2.cif,0.471821,3901.88,9.7713e-06
16332N3.cif,0.284828,11003.4,6.61369e-06
21422N2.cif,0.762469,2953.27,1.09958e-05
21013N2.cif,0.396938,7545.34,6.5752e-06
14072N2.cif,0.429701,8546.23,8.23657e-06
20473N2.cif,0.240713,26264.2,6.51933e-06
20191N2.cif,0.377262,8197.3,6.67704e-06
21353N2.cif,0.278472,15164.4,9.05079e-06
19041N2.cif,0.521034,5511.92,4.6106e-06
19080N2.cif,0.575762,3380.82,1.23072e-05
20380N2.cif,0.654646,3136.44,6.06824e-06
19441N2.cif,1.06779,440.615,7.57757e-06
20564N3.cif,0.568549,3711.38,1.64822e-05
08011N2.cif,0.98834,646.427,7.6523e-06
17152N2.cif,0.477578,5869.69,6.93414e-06
21650N2.cif,1.29686,1074.71,3.68435e-06
18161N2.cif,0.717263,1981.72,7.82262e-06
19230N2.cif,0.511933,10123.3,8.95342e-06
16173N2.cif,0.370163,16877.6,7.97883e-06
21014N2.cif,0.399588,6779.66,6.60786e-06
20201N2.cif,0.600893,5487.69,1.25597e-05
21761N2.cif,0.671681,4978.19,1.50426e-05
21620N2.cif,0.531772,3163.96,8.73146e-06
19003N3.cif,0.280825,9114.87,7.67766e-06
21312N2.cif,0.242289,15294.8,7.36317e-06
21440N2.cif,0.491623,6494.08,1.10277e-05
11030N2.cif,0.552143,3064.81,8.50679e-06
22530N2.cif,0.329467,10455.1,6.0204e-06
15185N2.cif,0.569687,5674.31,4.67384e-06
21033N2.cif,0.675273,2110.37,3.14435e-05
21680N2.cif,0.723976,2055.83,8.46292e-06
21781N2.cif,0.64736,3292.19,9.48155e-06
15184N2.cif,0.534625,7685.72,4.83502e-06
19242N3.cif,0.940009,856.261,2.44692e-05
14073N2.cif,0.493057,7120.13,8.07988e-06
21390N2.cif,0.504451,3776.18,5.75518e-06
11000N2.cif,0.596628,3310.63,1.95026e-05
17163N3.cif,0.311547,17205.0,1.27894e-05
20391N2.cif,0.494729,11329.1,7.20652e-06
10000N2.cif,0.9605,662.504,1.42013e-05
20161N2.cif,0.631882,4695.22,4.59532e-06
17130N2.cif,0.533888,14369.6,6.9196e-06
10010N2.cif,0.759474,1903.62,5.88565e-06
13012N2.cif,0.470374,8574.18,5.59106e-06
20070N2.cif,0.38141,2976.62,1.25343e-05
20521N3.cif,0.648408,3827.76,1.74064e-05
19280N2.cif,0.564953,8801.04,1.41957e-05
16311N2.cif,0.879131,1770.59,3.51651e-05
16051N2.cif,0.614475,6682.57,7.85302e-06
15031N2.cif,0.463394,4701.93,7.50779e-06
20250N2.cif,0.320416,9068.72,7.09106e-06
21560N3.cif,0.789078,3492.25,7.50431e-06
21110N3.cif,0.34437,15397.2,1.05847e-05
13141N2.cif,0.818447,1293.28,6.4857e-06
21823N2.cif,0.864519,2037.72,1.48846e-05
08010N2.cif,1.14317,207.931,5.40742e-06
20360N2.cif,0.43331,5908.79,4.75388e-06
15183N2.cif,0.578754,5903.37,5.06442e-06
12060N2.cif,0.818509,7551.75,5.39069e-06
22411N2.cif,0.386197,5090.2,7.9009e-06
20650N2.cif,0.812619,1907.24,1.78088e-05
17060N2.cif,0.751486,3508.29,1.32508e-05
21860N2.cif,0.457014,12029.5,7.58987e-06
21201N2.cif,0.579233,3116.13,2.07045e-05
19260N2.cif,0.840886,826.646,9.33243e-06
19341N2.cif,0.718609,1025.69,1.32813e-05
12023N2.cif,0.576825,5975.34,4.55729e-06
16055N2.cif,0.567522,7914.36,7.76997e-06
19270N2.cif,0.667973,3380.15,8.27321e-06
18121N3.cif,0.992781,1085.11,4.86039e-05
2245bN2.cif,0.63906,2700.22,7.48472e-06
21250N2.cif,0.739034,2360.41,6.29164e-06
22171N2.cif,0.477114,5376.42,6.99296e-06
16110N3.cif,0.176974,16258.1,8.15007e-06
20311N2.cif,0.280503,10192.7,6.2443e-06
21010N2.cif,0.41562,6342.25,7.41425e-06
21070N2.cif,0.915235,1289.8,6.68775e-06
19350N2.cif,0.782235,2177.4,1.47529e-05
22450N2.cif,0.843071,2144.61,7.41319e-05
21470N2.cif,0.719769,4281.39,1.33158e-05
21426N3.cif,0.240434,4350.41,8.72088e-06
22341N2.cif,1.04866,2337.03,5.28767e-06
20180N2.cif,0.558898,3209.89,4.98229e-06
22271N2.cif,0.524265,8086.18,5.35699e-06
15190N2.cif,1.10031,434.215,1.18129e-05
19453N2.cif,0.338466,14032.4,6.38543e-06
19030N2.cif,0.990703,1969.35,5.08686e-06
20220N2.cif,0.539296,4282.31,8.9151e-06
19522N2.cif,0.580412,5383.54,8.33543e-06
18060N2.cif,0.655476,2764.15,8.54863e-06
18133N3.cif,0.601192,6856.65,1.5904e-05
18110N2.cif,0.525343,5967.92,9.59626e-06
21291N3.cif,0.377397,17675.2,1.47995e-05
17220N2.cif,0.573674,5082.36,1.26561e-05
19351N2.cif,0.59269,4376.03,1.74536e-05
14070N2.cif,0.466224,8699.02,8.51037e-06
16030N2.cif,0.441747,5714.35,7.61459e-06
13123N2.cif,0.616965,3034.1,8.86129e-06
20120N2.cif,0.847623,1311.06,2.78976e-05
20421N2.cif,0.970835,985.919,3.47421e-06
17040N2.cif,0.700464,5602.71,9.58994e-06
18041N3.cif,1.14321,660.117,9.38875e-06
12011N2.cif,0.639688,12337.2,7.24465e-06
16010N2.cif,0.806233,1293.54,1.42551e-05
16041N2.cif,0.706854,2001.86,2.198e-05
19364N2.cif,0.444202,8255.41,8.41639e-06
20370N3.cif,0.318408,9185.37,9.7814e-06
21310N2.cif,0.436662,10492.4,1.00942e-05
16050N2.cif,0.810656,2226.64,6.38468e-06
21034N2.cif,0.682493,1998.09,1.5894e-05
21150N2.cif,0.987896,756.54,1.39864e-06
11040N2.cif,0.344509,9646.67,7.28329e-06
22441N2.cif,0.5433,3271.53,5.84511e-06
12020N2.cif,0.747682,2809.72,6.40677e-06
221012N2.cif,0.557107,7191.69,1.21465e-05
15253N2.cif,0.499114,3317.31,6.12112e-06
12001N2.cif,0.848478,1185.02,1.1233e-05
18040N3.cif,0.821216,2555.04,3.51705e-05
21420N2.cif,0.907024,1419.5,1.40026e-05
21082N2.cif,0.489055,6509.58,6.18965e-06
19390N2.cif,0.702818,1511.11,8.33319e-06
16273N2.cif,0.49464,8981.59,7.71188e-06
21060N2.cif,0.614594,5034.78,3.39534e-06
13122N2.cif,0.402596,5712.63,7.55691e-06
22520N2.cif,0.393334,15618.3,8.43624e-06
20310N2.cif,0.316076,7203.97,8.28931e-06
16140N2.cif,0.533736,7243.22,1.11083e-05
19363N2.cif,0.406583,8945.03,6.88065e-06
20021N2.cif,0.607219,3160.78,6.94389e-06
17181N2.cif,0.571852,3463.92,1.07454e-05
21053N2.cif,0.379951,18481.9,1.19225e-05
21120N2.cif,0.386535,8860.51,6.38105e-06
15060N2.cif,0.668249,3501.81,1.14516e-05
21395N2.cif,0.367886,10176.9,4.95951e-06
08012N2.cif,0.874709,1002.57,9.72771e-06
16251N3.cif,0.294407,16952.8,9.37222e-06
21530N2.cif,0.658919,3490.19,8.73128e-06
16250N3.cif,0.14665,19050.9,9.02519e-06
19366N2.cif,0.363404,9202.18,7.06776e-06
21771N2.cif,0.56277,3282.31,7.78734e-06
13160N2.cif,0.49874,7798.0,6.66414e-06
21035N2.cif,0.683572,1992.58,1.6467e-05
20260N3.cif,0.9442,2744.86,1.45635e-05
22380N2.cif,0.895472,2224.72,8.8481e-06
13000N2.cif,1.58059,308.146,9.04478e-06
21314N2.cif,0.370317,7301.15,7.1487e-06
20162N2.cif,0.631381,4624.15,3.75055e-06
21840N2.cif,0.558955,7395.52,1.85083e-05
2245cN2.cif,0.331951,6442.59,7.85686e-06
15091N2.cif,0.660057,5007.88,1.00304e-05
21072N2.cif,0.836948,1328.13,9.31071e-06
15251N2.cif,0.42397,4150.98,6.92579e-06
2245jN2.cif,0.581009,2144.25,7.84961e-06
21040N3.cif,1.10037,458.881,2.28877e-05
14030N2.cif,0.413797,12132.3,7.4853e-06
20362N2.cif,0.78566,973.807,9.79113e-06
15040N2.cif,0.707751,1025.64,1.21929e-05
19122N2.cif,0.642369,2853.22,1.08362e-05
18143N3.cif,0.109077,35589.8,9.06803e-06
19283N2.cif,0.568196,10591.3,1.01468e-05
16142N2.cif,0.388748,6038.61,7.60493e-06
13071N2.cif,0.605214,3007.63,7.11078e-06
19464N2.cif,0.554784,3114.94,1.00131e-05
12024N2.cif,0.463061,6486.18,5.4355e-06
21100N2.cif,0.398476,15764.1,7.31178e-06
20550N2.cif,1.21181,935.843,7.43024e-06
16331N2.cif,0.414676,5620.3,6.11934e-06
2245oN2.cif,0.555215,9734.65,9.03399e-06
15186N2.cif,0.379974,12019.6,5.66635e-06
11031N2.cif,0.299763,19758.7,3.52132e-05
20460N2.cif,1.05326,2124.82,1.56835e-06
20261N3.cif,0.779671,5116.46,7.88057e-06
14051N3.cif,0.489087,2919.51,1.89009e-05
21780N2.cif,0.553842,4696.85,1.25696e-05
21220N2.cif,0.495526,7362.18,1.83997e-05
12030N2.cif,0.721957,3013.94,1.01549e-05
20164N2.cif,0.498963,5613.96,8.29114e-06
17050N2.cif,0.494127,5511.26,8.36123e-06
07013N3.cif,0.171077,20589.8,8.64665e-06
16380N2.cif,0.319638,10439.5,5.82052e-06
15170N2.cif,0.813581,2316.01,8.67797e-06
20472N2.cif,0.367176,8866.66,6.16146e-06
21260N2.cif,0.581995,9259.65,1.5034e-05
15252N2.cif,0.457913,3764.74,6.88163e-06
07001N2.cif,1.10023,452.189,4.7849e-05
20153N2.cif,0.656863,4500.81,1.44221e-05
21351N2.cif,0.241938,15637.8,1.01778e-05
15101N2.cif,0.714317,2863.12,3.59065e-06
16070N2.cif,0.617806,3413.05,9.77194e-06
22080N2.cif,0.66728,2470.92,1.19553e-05
19460N2.cif,0.694681,1476.31,7.97435e-06
19572N2.cif,0.614819,5464.59,1.07426e-05
19140N2.cif,0.785279,2078.21,5.68669e-06
21720N2.cif,0.796824,2410.44,8.10978e-06
20670N3.cif,0.450958,2659.15,7.78435e-06
12062N2.cif,0.839477,7255.17,5.90119e-06
16361N2.cif,0.383347,6972.38,6.38471e-06
12012N2.cif,0.641198,12287.3,7.36691e-06
20170N2.cif,0.617743,4816.25,1.04453e-05
21230N2.cif,0.474191,7253.87,4.10318e-05
16053N2.cif,0.573461,8802.45,9.97754e-06
21320N2.cif,0.553442,7427.36,1.05067e-05
16420N2.cif,0.742764,2487.37,6.72946e-06
19292N2.cif,0.664142,8168.7,2.16933e-05
19421N3.cif,0.151002,61090.4,9.10139e-06
22292N2.cif,0.857266,3354.49,4.19756e-06
13090N2.cif,0.577518,4299.93,6.83728e-06
16271N2.cif,0.456346,10305.4,1.15599e-05
20110N3.cif,0.102727,50789.7,9.38787e-06
22451N2.cif,0.469474,5947.15,5.40642e-06
20142N2.cif,0.772312,2090.15,1.49643e-05
19482N2.cif,0.638391,4701.71,1.33292e-05
21315N3.cif,0.39873,6691.1,8.13049e-06
22100N2.cif,0.720067,1565.62,1.32237e-05
13170N2.cif,0.596881,5441.94,6.99075e-06
22510N2.cif,0.361841,11166.4,8.71167e-06
19061N2.cif,0.560088,2698.88,7.86509e-06
22453N2.cif,0.50704,9574.58,1.51641e-05
15090N2.cif,0.544359,6694.5,7.49038e-06
17140N2.cif,0.528654,3103.24,9.56874e-06
16360N2.cif,0.544121,3038.01,6.41047e-06
21073N2.cif,0.798294,1351.39,1.01469e-05
21050N2.cif,0.392149,15607.5,1.23366e-05
15160N2.cif,0.820147,661.482,3.80518e-06
13070N2.cif,0.705914,3041.59,4.82508e-06
16054N2.cif,0.651668,6351.04,8.37956e-06
16480N2.cif,0.58249,2329.07,6.83459e-06
19411N2.cif,0.48924,11879.6,9.33404e-06
13011N2.cif,0.506384,8304.57,5.15593e-06
12000N2.cif,0.741116,1478.79,7.33927e-06
221010N2.cif,0.487066,7353.63,9.43872e-06
22342N2.cif,0.936534,2613.27,6.33329e-06
20392N2.cif,0.466584,11371.1,7.76903e-06
19440N2.cif,1.07122,431.926,7.88854e-06
20166N2.cif,0.507323,5557.78,5.97136e-06
17100N2.cif,0.534228,5199.41,5.19097e-06
15131N2.cif,0.418859,6882.25,5.7759e-06
16481N2.cif,0.60475,2221.86,8.63413e-06
13182N3.cif,1.05784,471.933,7.66293e-05
21111N3.cif,0.557303,5766.99,1.32165e-05
13191N2.cif,0.576409,4256.12,5.06913e-06
21424N2.cif,0.632075,4835.61,6.81929e-06
2245eN2.cif,0.800213,2309.1,1.8246e-05
22001N2.cif,0.803678,7568.17,9.48337e-06
221011N2.cif,0.530966,2889.56,1.5613e-05
20530N2.cif,0.568392,7757.05,2.91065e-05
12050N2.cif,0.832544,591.838,2.40674e-05
20403N2.cif,0.61793,3868.8,5.72661e-05
21290N2.cif,0.43287,11337.5,7.78755e-06
18023N3.cif,0.588891,2063.86,1.61633e-05
16272N2.cif,0.375032,16525.8,8.54888e-06
19290N2.cif,0.602858,10631.6,1.61957e-05
14091N2.cif,0.480058,4354.19,7.01763e-06
17156N2.cif,0.878368,2084.68,2.15423e-05
21031N2.cif,0.72702,1768.35,1.49884e-05
17150N2.cif,0.447461,6194.21,7.31762e-06
17070N2.cif,0.462755,5404.8,5.74473e-06
21350N2.cif,0.312227,8268.57,1.02846e-05
20700N2.cif,0.569017,2507.72,6.43255e-06
22143N2.cif,0.723731,2051.39,6.39828e-06
21080N2.cif,0.458868,6333.11,5.67301e-06
20510N2.cif,0.431664,11145.8,1.10325e-05
19170N2.cif,0.583714,7133.67,7.62054e-06
21430N2.cif,1.1033,855.235,1.46863e-05
20282N2.cif,0.499172,7506.42,8.99617e-06
22242N3.cif,0.212817,20567.4,9.30508e-06
18140N2.cif,0.425624,3448.01,9.6938e-06
19490N2.cif,0.776504,1929.2,1.69831e-05
17131N2.cif,0.649875,7733.36,7.6055e-06
20182N2.cif,0.54192,2731.14,5.79994e-06
21640N3.cif,0.663984,3405.67,2.7411e-05
19330N2.cif,0.51396,8851.42,1.37824e-05
19240N3.cif,0.888677,824.386,3.45382e-05
21012N2.cif,0.416504,6946.35,5.9393e-06
11001N2.cif,0.736441,1508.87,9.20843e-06
12010N2.cif,0.598516,12317.5,7.73158e-06
11003N2.cif,0.493244,5116.53,7.45778e-06
21140N2.cif,0.801267,892.294,1.44969e-05
2245aN2.cif,0.503446,5466.88,4.36807e-06
19571N2.cif,0.553146,5219.13,1.02028e-05
22232N2.cif,0.506994,10362.8,8.61137e-06
13190N2.cif,0.884416,1279.2,3.5753e-06
19483N2.cif,0.721321,1057.17,1.63445e-06
21520N3.cif,0.37185,3591.0,9.85182e-06
20340N2.cif,0.695968,1920.97,4.88478e-06
17210N2.cif,0.59928,2368.13,6.40606e-06
19452N2.cif,0.388654,12238.2,7.91472e-06
22280N2.cif,1.05628,827.1,9.62299e-06
20281N2.cif,0.47916,7949.53,7.36098e-06
20651N3.cif,0.748765,1148.07,1.38693e-05
21800N2.cif,0.425875,6919.13,6.876e-06
22031N2.cif,1.43569,864.285,8.9746e-06
20610N2.cif,0.396672,5967.35,6.31923e-06
19360N2.cif,0.376184,6319.69,7.45302e-06
22440N2.cif,0.532659,2846.98,7.46855e-06
21550N3.cif,0.938738,825.895,5.7043e-05
21011N2.cif,0.407076,6654.59,6.80382e-06
20470N2.cif,0.54985,6950.32,1.07585e-05
13080N2.cif,0.797164,2555.66,1.37424e-05
16312N2.cif,0.543966,3324.51,9.03657e-06
18090N2.cif,0.435094,9302.58,6.36605e-06
22240N3.cif,0.392108,5643.2,1.66009e-05
16190N2.cif,0.727662,3372.42,4.1395e-05
20501N3.cif,0.805153,3313.55,1.79375e-05
19454N2.cif,0.367616,13807.3,7.01773e-06
18150N2.cif,0.880351,1559.26,5.52026e-06
21101N2.cif,0.432618,14631.8,7.49192e-06
21280N3.cif,0.334821,5237.28,1.17426e-05
21811N2.cif,0.718468,1062.03,1.21749e-05
15030N2.cif,0.555457,2463.77,7.94188e-06
19491N2.cif,0.601732,3408.8,1.24667e-05
22320N2.cif,0.728935,2833.37,1.82122e-05
08030N2.cif,0.518345,5598.02,8.17773e-06
17110N2.cif,0.353252,9092.8,7.49979e-06
22290N2.cif,0.960326,727.94,5.48607e-06
22170N2.cif,0.445267,5427.5,6.80551e-06
19000N3.cif,0.207178,10420.0,8.98502e-06
19410N2.cif,0.500051,10237.2,9.38179e-06
13060N2.cif,0.669197,3095.06,1.70439e-05
20169N2.cif,0.572732,5125.55,4.4328e-06
20571N3.cif,0.937543,1223.4,8.08464e-05
14020N2.cif,0.4703,7435.2,8.6851e-06
19401N3.cif,0.310713,3619.51,8.43987e-06
18142N3.cif,0.139365,24553.3,8.17236e-06
21271N3.cif,0.724363,7397.55,3.41978e-05
13120N2.cif,0.661192,1385.72,8.63089e-06
19340N2.cif,0.601994,1662.44,1.0364e-05
16500N2.cif,1.03525,1087.57,7.7471e-06
16011N2.cif,0.46689,5241.1,7.19792e-06
16032N2.cif,0.529438,5560.7,8.29248e-06
2245hN2.cif,0.597907,5779.11,1.07244e-05
2245iN2.cif,0.357408,8519.09,7.04856e-06
16000N2.cif,0.44457,7615.43,5.98732e-06
18111N2.cif,0.635435,5449.79,1.02563e-05
16020N2.cif,0.721008,2647.16,6.10057e-06
19281N2.cif,0.550067,8935.67,1.56638e-05
13050N2.cif,0.644587,3149.21,6.98023e-06
20401N2.cif,0.410623,5437.29,1.76168e-05
21190N2.cif,0.317271,11859.6,6.48744e-06
19480N2.cif,0.465942,8087.5,1.30624e-05
21382N2.cif,0.657325,1791.49,9.40528e-06
19540N2.cif,0.656409,4701.28,2.06235e-05
20190N2.cif,0.423158,5562.35,6.86512e-06
21020N2.cif,0.487943,2903.42,2.51149e-05
22220N2.cif,0.214604,57794.4,5.94679e-06
16171N2.cif,0.639697,5531.96,7.76114e-06
15021N2.cif,0.49203,4574.44,5.6656e-06
19450N2.cif,0.283472,17204.3,9.22749e-06
22251N3.cif,0.281478,34570.8,9.89421e-06
19352N2.cif,0.573437,6024.7,1.09678e-05
19500N2.cif,0.396969,9040.65,5.65035e-06
20531N2.cif,0.505433,9235.51,5.66138e-06
18100N2.cif,0.382264,6379.41,6.0851e-06
16430N2.cif,0.776327,1292.77,6.75733e-06
18134N3.cif,0.58135,3022.11,1.70219e-05
20542N2.cif,0.76916,2471.14,1.89834e-05
20010N2.cif,0.393261,18861.5,1.02677e-05
20350N2.cif,0.643867,4031.76,7.01552e-06
05001N2.cif,0.585485,3340.44,7.67941e-06
17240N3.cif,0.434195,5878.7,8.93717e-06
20500N3.cif,0.515475,8133.86,1.38766e-05
16210N2.cif,0.71939,2846.87,5.48465e-06
20430N3.cif,0.108753,45914.0,1.1064e-05
15200N3.cif,0.573041,2208.98,1.34815e-05
19022N3.cif,0.367537,11001.2,8.73163e-06
12061N2.cif,0.819318,7519.62,5.41899e-06
20116N3.cif,0.118021,49215.4,9.51967e-06
16130N3.cif,0.14459,30399.2,7.85621e-06
15080N2.cif,0.643085,2868.88,9.60526e-06
20211N2.cif,0.412557,3929.22,8.10513e-06
20172N2.cif,0.775313,3196.21,8.64654e-06
22222N2.cif,0.205805,28059.0,7.3464e-06
08000N3.cif,0.519987,17301.3,2.48796e-05
20130N2.cif,0.565603,5840.42,5.41988e-06
21551N3.cif,0.71401,1211.32,2.21192e-05
14040N2.cif,0.4341,7956.55,5.81302e-06
16510N2.cif,0.781202,1826.34,9.50333e-06
22550N2.cif,0.595499,3444.62,4.39764e-06
20203N2.cif,0.467079,11458.5,9.50237e-06
21511N3.cif,0.622518,3638.44,2.24403e-05
20590N2.cif,0.504711,6804.61,1.05685e-05
16111N3.cif,0.19318,58617.8,7.87087e-06
14050N3.cif,0.393492,3030.82,1.69805e-05
22221N2.cif,0.215565,28757.4,6.13357e-06
21750N2.cif,1.36695,186.892,9.80737e-06
15163N2.cif,0.531445,2593.9,7.56041e-06
22300N2.cif,0.406754,17824.1,9.46342e-06
19191N2.cif,0.862786,3254.23,2.63678e-05
16390N2.cif,0.647484,2706.41,1.01341e-05
16191N2.cif,0.699817,4524.46,4.21303e-05
16002N2.cif,0.417357,8696.09,6.01876e-06
18141N2.cif,0.49422,3075.87,7.78008e-06
20580N3.cif,0.54026,11238.0,8.43965e-06
19462N2.cif,0.650611,2052.42,8.19038e-06
22360N2.cif,0.748085,2834.57,1.93649e-05
20600N2.cif,0.589136,4589.72,7.84787e-06
15220N2.cif,0.733937,1017.02,9.85198e-06
14010N2.cif,0.703963,2690.93,9.804e-06
20581N2.cif,0.570166,10980.0,8.03681e-06
21601N2.cif,0.352148,9579.96,5.82878e-06
13161N2.cif,0.421138,11798.3,8.68532e-06
20652N2.cif,0.888982,1791.67,1.79965e-05
19181N2.cif,0.471181,4115.46,5.66546e-06
19530N2.cif,0.37617,6543.53,7.29935e-06
20300N2.cif,0.501763,3149.59,6.60144e-06
19180N2.cif,0.398703,6556.26,5.80673e-06
20402N2.cif,0.58915,3430.5,9.60464e-06
15181N2.cif,0.534441,7718.19,4.7981e-06
20672N2.cif,0.623778,3914.58,8.75878e-06
19144N2.cif,1.00342,1578.23,6.5289e-06
15162N2.cif,0.853919,833.252,1.13887e-05
19420N3.cif,0.229766,30151.3,9.01013e-06
22182N2.cif,0.649492,1565.03,9.51317e-06
23001N2.cif,0.899469,2682.92,0.00015082
22108N2.cif,0.606741,4960.67,1.32076e-05
20280N2.cif,0.620781,3897.91,7.27515e-06
19413N2.cif,0.410151,7009.1,5.48816e-06
19214N2.cif,0.458002,6872.13,5.58832e-06
16112N3.cif,0.189809,16795.2,7.35043e-06
22101N2.cif,0.89037,788.401,1.03248e-05
21380N2.cif,0.589446,2360.26,8.58469e-06
15182N2.cif,0.509548,6475.05,3.71091e-06
22041N2.cif,0.874763,2576.07,6.12903e-06
16460N2.cif,0.439813,11489.0,5.49324e-06
13040N3.cif,1.01261,946.815,5.0036e-05
21460N2.cif,0.663046,3288.34,1.41766e-05
20543N2.cif,0.801631,2084.93,1.65516e-05
18033N2.cif,0.580582,7262.13,3.0352e-05
19090N2.cif,0.485873,5075.3,5.52919e-06
20420N2.cif,0.971718,932.508,2.41323e-06
13074N2.cif,0.671669,2768.22,8.14987e-06
14090N2.cif,0.490232,4296.9,5.85194e-06
21392N2.cif,0.312828,12207.7,6.58248e-06
22190N2.cif,0.453105,5624.04,8.53214e-06
20141N2.cif,0.81013,1900.25,1.06486e-05
17250N2.cif,0.507876,3239.66,6.47492e-06
16060N2.cif,0.519721,6979.43,1.95629e-05
16058N2.cif,0.621325,3680.36,8.14414e-06
19241N3.cif,0.961818,710.085,5.63526e-05
20441N3.cif,0.44454,6696.15,1.15259e-05
18130N3.cif,0.741461,2343.66,2.78472e-05
20440N3.cif,0.494933,5167.82,1.30225e-05
17161N3.cif,0.333212,17180.4,1.18157e-05
2245uN2.cif,0.578308,9244.84,8.44057e-06
17154N2.cif,0.512414,6008.67,4.93308e-06
20052N2.cif,0.46593,11757.1,6.7202e-06
19380N2.cif,0.597476,5049.46,7.70817e-06
16260N2.cif,1.03072,1010.49,2.69464e-06
21423N2.cif,0.854486,2561.82,9.55679e-06
16113N3.cif,0.215562,58055.9,7.06522e-06
19212N2.cif,0.417379,6733.9,6.82366e-06
17030N2.cif,0.435971,5810.0,6.76011e-06
20442N3.cif,0.610001,3873.81,1.90209e-05
19220N2.cif,0.343161,8781.05,6.74627e-06
21540N3.cif,0.0514031,105866.0,1.29881e-05
19456N2.cif,0.355463,13395.2,6.20485e-06
21381N2.cif,0.630002,2103.35,7.03003e-06
21041N3.cif,0.895197,3553.58,2.14422e-05
13201N2.cif,0.452544,8463.02,7.9913e-06
19060N2.cif,0.604869,2493.1,8.09713e-06
20331N2.cif,0.53257,2367.82,8.07237e-06
20151N2.cif,0.612017,4978.15,1.64995e-05
14071N2.cif,0.51383,7606.39,9.01481e-06
09010N2.cif,0.731022,1501.6,7.18484e-06
21170N2.cif,0.4159,6658.59,6.96294e-06
19573N2.cif,0.608142,5665.01,1.10446e-05
21191N2.cif,0.327857,9701.54,6.90934e-06
21130N2.cif,0.585226,3023.98,1.18414e-05
21822N2.cif,0.893271,1783.16,6.91244e-06
20160N2.cif,0.524385,6265.07,6.33083e-06
16370N2.cif,1.09429,184.642,0.000102075
22060N2.cif,0.571624,2786.99,6.5449e-06
20080N2.cif,0.598471,3723.08,5.98845e-06
22103N2.cif,0.683713,4684.36,9.78038e-06
20620N2.cif,0.727503,2675.38,6.19165e-06
16141N2.cif,0.428492,5924.29,7.58854e-06
21752N2.cif,1.70382,208.508,7.73005e-06
13150N2.cif,0.553389,3254.5,6.95598e-06
08013N2.cif,0.756007,1488.17,1.19823e-05
22106N2.cif,0.755579,941.986,1.07209e-05
20450N2.cif,0.544172,4714.95,1.10517e-05
21660N2.cif,1.07598,587.472,3.90716e-05
20121N3.cif,0.939067,2694.33,7.02265e-05
20520N3.cif,0.659957,3088.7,1.64556e-05
21572N3.cif,0.203556,17760.7,8.10279e-06
20541N2.cif,0.921233,1021.8,1.89994e-05
21394N2.cif,0.412259,9077.08,5.39625e-06
16440N2.cif,0.470824,5437.06,9.75016e-06
19370N2.cif,0.736052,1938.56,0.00012131
21450N2.cif,0.365262,9007.18,7.23018e-06
21021N2.cif,0.647199,1236.99,4.41267e-05
20563N3.cif,0.782241,2043.39,5.07694e-05
16080N2.cif,0.491903,9409.43,9.252e-06
18031N2.cif,0.601986,7266.56,2.58104e-05
15211N2.cif,0.348673,13697.4,1.40054e-05
20030N2.cif,0.760825,4109.23,7.27177e-06
20361N2.cif,0.571047,3109.66,4.81256e-06
16170N2.cif,0.541368,5695.13,1.02173e-05
22430N2.cif,0.467202,2614.01,8.38825e-06
20181N2.cif,0.583157,3000.61,4.1083e-06
2016aN2.cif,0.51835,5328.93,6.97067e-06
12040N2.cif,0.643516,3031.3,7.08833e-06
21030N2.cif,0.613133,3628.07,4.11184e-05
21730N3.cif,0.639428,12457.3,8.21289e-06
22010N2.cif,0.623601,3021.8,1.00905e-05
13073N2.cif,0.711626,2980.37,4.57371e-06
19020N3.cif,0.322836,11772.1,8.13216e-06
21071N2.cif,0.891872,1264.55,8.45761e-06
22142N2.cif,0.524984,5654.55,3.8089e-06
19190N2.cif,0.734271,3687.07,6.29315e-06
19511N2.cif,0.500061,3488.03,7.03649e-06
20630N2.cif,0.500233,8359.81,1.26735e-05
23000N2.cif,1.03331,376.35,0.000142141
21760N3.cif,0.335735,9137.84,1.11357e-05
22104N2.cif,0.475596,7637.11,8.98717e-06
22021N2.cif,0.941848,929.319,6.96399e-06
19310N2.cif,0.537824,5935.26,1.01344e-05
22231N2.cif,0.475683,12236.4,9.00739e-06
16211N2.cif,0.77486,2880.98,5.50514e-06
19050N2.cif,0.381925,7713.88,5.64715e-06
18080N2.cif,0.461651,8843.96,7.02378e-06
2245dN2.cif,0.424159,12993.7,1.05387e-05
19362N2.cif,0.354099,9447.16,6.31194e-06
20551N2.cif,1.16737,841.277,1.05155e-05
21400N2.cif,0.4267,6057.9,8.48281e-06
21251N2.cif,0.523442,3262.28,7.80734e-06
18032N2.cif,0.671482,4866.09,4.25071e-05
20031N2.cif,0.798037,3892.23,1.34812e-05
16061N2.cif,0.117976,62256.3,8.46054e-06
16150N2.cif,0.494727,3962.91,5.09138e-06
16057N2.cif,0.612741,7612.24,8.71473e-06
22172N2.cif,0.41402,5936.36,8.46099e-06
18030N2.cif,0.748783,1475.79,3.41203e-05
19200N2.cif,0.585175,2104.11,1.38617e-05
20000N2.cif,0.49309,7552.34,1.53732e-05
16040N2.cif,0.836176,704.96,3.2366e-05
19455N2.cif,0.240895,20519.0,9.90636e-06
21180N2.cif,0.582221,3783.76,6.94833e-06
15070N2.cif,0.439066,5708.59,7.34534e-06
17061N2.cif,0.876767,1688.35,1.66594e-05
17190N2.cif,0.530338,2396.63,8.18563e-06
20341N2.cif,0.54873,3271.61,4.31466e-06
20321N2.cif,0.467003,5374.47,6.72457e-06
21740N2.cif,0.492467,5602.77,1.29036e-05
20152N2.cif,0.591504,5032.26,1.00836e-05
16490N2.cif,0.81882,1636.37,1.03186e-05
16330N2.cif,0.468681,3538.38,8.53558e-06
16200N2.cif,0.878893,1762.11,6.10419e-06
13140N2.cif,1.13218,313.456,2.22009e-05
20701N2.cif,0.656329,2872.9,6.66299e-06
21411N2.cif,0.402517,15347.1,8.13658e-06
19412N2.cif,0.488852,14023.9,9.36974e-06
19282N2.cif,0.542251,10626.1,9.64035e-06
19361N2.cif,0.375704,7780.46,6.4243e-06
15242N2.cif,0.788188,1688.38,6.84091e-06
21821N2.cif,0.738348,2779.97,6.09088e-06
20680N2.cif,0.470112,5600.71,6.40009e-06
20140N2.cif,0.819057,1846.85,1.17704e-05
20320N2.cif,0.342964,8886.56,6.34999e-06
20411N2.cif,0.685648,3051.45,1.07543e-05
20471N2.cif,0.430945,5919.5,6.18207e-06
16160N2.cif,0.740679,2390.47,1.21034e-05
17230N2.cif,0.755695,1708.4,1.18133e-05
20202N2.cif,0.394082,6853.15,7.19952e-06
16340N2.cif,0.76704,2994.72,7.64312e-06
17151N2.cif,0.524462,5078.06,9.33841e-06
13020N2.cif,0.274002,9860.38,1.22012e-05
21770N2.cif,0.500169,3459.74,5.55949e-06
2245lN2.cif,0.550397,2263.28,7.1204e-06
18122N3.cif,0.93972,1719.24,2.55754e-05
21391N2.cif,0.358246,9789.54,5.06362e-06
20091N2.cif,0.684052,3330.66,1.07274e-05
19521N2.cif,0.516154,6088.12,7.59733e-06
07010N3.cif,0.421687,14639.4,1.27994e-05
21052N2.cif,0.406102,14791.8,1.26364e-05
17155N2.cif,0.519441,6216.74,6.74269e-06
19451N2.cif,0.35895,13608.1,6.98147e-06
22273N2.cif,0.68264,3727.11,1.46544e-05
21710N2.cif,1.03132,1106.09,3.81261e-06
20165N2.cif,0.438053,5909.26,7.81199e-06
20168N2.cif,0.639122,4602.42,4.41653e-06
19291N2.cif,0.710445,2589.64,2.3305e-05
16031N2.cif,0.458838,6249.19,7.64047e-06
21410N2.cif,0.468966,11660.0,9.61763e-06
20640N2.cif,0.543702,6567.03,7.94958e-06
21352N2.cif,0.269163,15463.8,1.16992e-05
22470N2.cif,0.690385,2553.21,7.26976e-06
20544N2.cif,0.796551,2299.22,8.0646e-06
22551N2.cif,1.05376,1745.99,7.93503e-06
22140N2.cif,0.613174,8123.67,1.22094e-05
22061N2.cif,0.545162,2961.52,7.4082e-06
22150N2.cif,0.751206,1930.93,1.14179e-05
18101N2.cif,0.451638,4642.22,5.54937e-06
20443N3.cif,0.569717,3507.05,3.43517e-06
15072N2.cif,0.612782,2915.01,9.81502e-06
22272N2.cif,0.928601,1561.57,7.75757e-06
15161N2.cif,0.513495,3119.97,6.95576e-06
16351N2.cif,0.6143,5105.62,1.15496e-05
09000N3.cif,0.501059,4258.22,1.65057e-05
2245gN2.cif,0.762584,2020.17,1.68576e-05
22390N2.cif,0.451148,6741.47,6.29668e-06
21661N2.cif,0.740413,1680.29,1.0744e-05
13078N2.cif,0.923775,1398.78,8.16229e-06
19365N2.cif,0.440527,8639.04,8.53963e-06
19510N2.cif,0.34838,8943.29,5.62896e-06
19560N2.cif,0.474077,5857.9,1.01918e-05
17170N2.cif,0.74875,990.699,1.20232e-05
16052N2.cif,0.587633,8734.48,1.04468e-05
22110N2.cif,0.661088,9101.41,3.47483e-05
22490N2.cif,0.501314,20244.1,9.16138e-06
16201N2.cif,0.914655,1405.88,6.51847e-06
16174N2.cif,0.371696,16571.9,8.18142e-06
19550N2.cif,0.57372,3097.15,7.8368e-06
19470N2.cif,0.499289,18693.9,1.2168e-05
19466N2.cif,0.510766,4884.01,5.34148e-06
20611N2.cif,0.405037,6361.02,7.14341e-06
22160N2.cif,0.541362,2359.43,7.66205e-06
22270N2.cif,0.67061,4657.8,7.06937e-06
20113N3.cif,0.111027,49645.6,9.35189e-06
19010N2.cif,0.739465,4150.84,1.08001e-05
19541N2.cif,0.519823,8628.14,1.35684e-05
21393N2.cif,0.37232,9819.62,5.63289e-06
21712N2.cif,1.03676,1148.56,2.73174e-06
11010N2.cif,0.935537,6854.77,6.33268e-06
20090N2.cif,0.631722,3445.91,1.10557e-05
16310N2.cif,0.841435,1330.4,1.58509e-05
22141N2.cif,0.643211,2514.0,6.0412e-06
22321N2.cif,0.819855,1796.32,1.93636e-05
15240N2.cif,0.489931,5342.2,4.72953e-06
11020N2.cif,0.61879,1551.48,9.01626e-06
17020N2.cif,0.595335,3016.58,6.82041e-06
21311N3.cif,0.41827,11356.7,1.06242e-05
12022N2.cif,0.521619,4923.82,5.66711e-06
11002N2.cif,0.427085,8177.82,6.46649e-06
22370N2.cif,1.00952,430.277,6.26412e-05
16056N2.cif,0.569843,4168.72,9.47729e-06
20290N2.cif,0.831244,1092.91,1.56878e-05
21000N2.cif,0.517939,6546.1,3.74241e-06
19130N2.cif,0.575613,6607.56,8.14955e-06
19070N2.cif,0.455449,6012.07,6.21093e-06
17160N3.cif,0.166713,19630.8,7.98677e-06
20040N2.cif,0.464398,6533.64,1.98483e-05
22130N2.cif,0.286471,31805.1,2.67633e-05
16172N2.cif,0.41144,10795.4,8.98664e-06
13110N2.cif,0.740952,3780.19,7.02996e-06
13077N2.cif,0.878242,1373.15,6.1896e-06
19531N2.cif,0.350349,8396.45,7.57383e-06
22070N2.cif,0.873768,2048.4,6.94491e-06
14000N2.cif,0.794481,556.913,1.43275e-05
07002N2.cif,0.703127,1673.72,9.16493e-06
221013N2.cif,0.521738,7233.68,1.0817e-05
22144N2.cif,0.575513,4958.48,3.60426e-06
16400N2.cif,0.478511,8997.93,1.56687e-05
22531N2.cif,0.416328,11067.5,5.32866e-06
13121N2.cif,0.52667,6004.91,8.87726e-06
21751N2.cif,1.71834,184.123,7.40392e-06
22131N2.cif,0.266294,40357.0,1.36208e-05
22458N2.cif,0.499482,8382.38,1.17629e-05
22200N2.cif,0.653714,2983.73,1.35077e-05
20653N2.cif,1.004,1533.57,1.08957e-05
10020N2.cif,0.635868,1693.06,1.16512e-05
18151N2.cif,0.755579,2590.2,5.7968e-06
22241N3.cif,0.261304,12679.2,9.33792e-06
15081N2.cif,0.586624,6155.32,7.7352e-06
15110N2.cif,0.489624,4908.0,5.45817e-06
20390N2.cif,0.515094,11342.8,6.97537e-06
16001N2.cif,0.393682,9822.33,6.04296e-06
20671N2.cif,0.650434,3621.67,9.84847e-06
17162N3.cif,0.154825,19883.1,8.63283e-06
15020N2.cif,0.425609,11356.8,7.24848e-06
13075N2.cif,0.843315,1480.72,4.92687e-06
19570N2.cif,0.579918,4771.62,1.01814e-05
08020N2.cif,1.00239,421.01,2.40601e-05
19210N2.cif,0.404815,6858.57,6.51238e-06
20210N2.cif,0.486203,2813.45,9.38323e-06
22322N2.cif,0.632365,5093.9,2.13835e-05
15071N2.cif,0.453,5478.26,8.04793e-06
15150N2.cif,0.544649,7180.92,8.22024e-06
13142N2.cif,1.0118,786.858,8.36461e-06
19051N2.cif,0.3959,7722.54,5.39422e-06
21032N2.cif,0.565472,4189.08,3.31417e-05
15250N2.cif,0.422491,4121.23,7.0232e-06
17000N2.cif,0.660181,8138.65,7.78126e-06
13010N2.cif,0.579132,5433.38,4.54404e-06
20167N2.cif,0.569353,5152.31,4.48646e-06
15111N2.cif,0.493916,7233.83,1.54062e-05
13200N2.cif,0.302032,7601.6,1.24146e-05
19542N2.cif,0.652315,6367.81,1.47516e-05
22420N2.cif,0.802723,2645.72,9.89375e-06
17153N2.cif,0.504396,5494.55,8.3415e-06
19142N2.cif,0.667606,3870.29,7.79872e-06
18061N2.cif,0.711981,2421.95,3.69685e-06
18070N2.cif,0.725586,4351.86,1.77131e-05
13130N2.cif,0.378002,13114.3,5.54432e-06
22350N2.cif,0.381874,18796.9,1.23792e-05
